"protein","window_start","window_end","window_size","target_residue_count","target_residue_density"
"Protein_A_synthetic",1,10,10,6,0.6
"Protein_A_synthetic",2,11,10,6,0.6
"Protein_A_synthetic",3,12,10,5,0.5
"Protein_A_synthetic",4,13,10,6,0.6
"Protein_A_synthetic",5,14,10,5,0.5
"Protein_A_synthetic",6,15,10,4,0.4
"Protein_A_synthetic",7,16,10,4,0.4
"Protein_A_synthetic",8,17,10,3,0.3
"Protein_A_synthetic",9,18,10,3,0.3
"Protein_A_synthetic",10,19,10,2,0.2
"Protein_A_synthetic",11,20,10,3,0.3
"Protein_A_synthetic",12,21,10,3,0.3
"Protein_A_synthetic",13,22,10,3,0.3
"Protein_A_synthetic",14,23,10,2,0.2
"Protein_A_synthetic",15,24,10,2,0.2
"Protein_A_synthetic",16,25,10,2,0.2
"Protein_A_synthetic",17,26,10,2,0.2
"Protein_A_synthetic",18,27,10,2,0.2
"Protein_A_synthetic",19,28,10,1,0.1
"Protein_A_synthetic",20,29,10,1,0.1
"Protein_A_synthetic",21,30,10,0,0
"Protein_A_synthetic",22,31,10,0,0
"Protein_B_synthetic",1,10,10,6,0.6
"Protein_B_synthetic",2,11,10,7,0.7
"Protein_B_synthetic",3,12,10,8,0.8
"Protein_B_synthetic",4,13,10,9,0.9
"Protein_B_synthetic",5,14,10,10,1
"Protein_B_synthetic",6,15,10,10,1
"Protein_B_synthetic",7,16,10,10,1
"Protein_B_synthetic",8,17,10,9,0.9
"Protein_B_synthetic",9,18,10,8,0.8
"Protein_B_synthetic",10,19,10,7,0.7
"Protein_B_synthetic",11,20,10,6,0.6
"Protein_B_synthetic",12,21,10,5,0.5
"Protein_B_synthetic",13,22,10,4,0.4
"Protein_B_synthetic",14,23,10,3,0.3
"Protein_B_synthetic",15,24,10,2,0.2
"Protein_B_synthetic",16,25,10,1,0.1
"Protein_B_synthetic",17,26,10,0,0
"Protein_B_synthetic",18,27,10,0,0
"Protein_B_synthetic",19,28,10,0,0
"Protein_B_synthetic",20,29,10,0,0
"Protein_B_synthetic",21,30,10,0,0
"Protein_B_synthetic",22,31,10,0,0
"Protein_B_synthetic",23,32,10,0,0
"Protein_C_synthetic",1,10,10,2,0.2
"Protein_C_synthetic",2,11,10,2,0.2
"Protein_C_synthetic",3,12,10,3,0.3
"Protein_C_synthetic",4,13,10,3,0.3
"Protein_C_synthetic",5,14,10,3,0.3
"Protein_C_synthetic",6,15,10,3,0.3
"Protein_C_synthetic",7,16,10,2,0.2
"Protein_C_synthetic",8,17,10,2,0.2
"Protein_C_synthetic",9,18,10,2,0.2
"Protein_C_synthetic",10,19,10,2,0.2
"Protein_C_synthetic",11,20,10,1,0.1
"Protein_C_synthetic",12,21,10,1,0.1
"Protein_C_synthetic",13,22,10,0,0
"Protein_C_synthetic",14,23,10,1,0.1
"Protein_C_synthetic",15,24,10,1,0.1
"Protein_C_synthetic",16,25,10,1,0.1
"Protein_C_synthetic",17,26,10,1,0.1
"Protein_C_synthetic",18,27,10,1,0.1
"Protein_C_synthetic",19,28,10,1,0.1
"Protein_C_synthetic",20,29,10,1,0.1
"Protein_C_synthetic",21,30,10,1,0.1
"Protein_C_synthetic",22,31,10,1,0.1
"Protein_C_synthetic",23,32,10,1,0.1
"Protein_C_synthetic",24,33,10,0,0
"Protein_C_synthetic",25,34,10,0,0
